duration_s,horizon,metric,model,train_r2,test_r2,gap,dR2,dR2_ci_lo,dR2_ci_hi,sig,rmse,mae,qlike,bias,is_best
30,10m,AI,linear,0.5386,0.6209,-0.0823,0.0484,0.04,0.0554,True,0.000642,0.000515,0.2312,0.000322,False
30,10m,AI,ridge,0.5386,0.6209,-0.0823,0.0484,0.04,0.0554,True,0.000642,0.000515,0.2312,0.000322,False
30,10m,AI,lasso,0.5383,0.6165,-0.0782,0.0439,0.0356,0.0508,True,0.000646,0.000518,0.2324,0.000327,False
30,10m,AI,elasticnet,0.5372,0.6115,-0.0742,0.0389,0.031,0.0459,True,0.00065,0.000521,0.234,0.000331,False
30,10m,AI,huber,0.5317,0.6552,-0.1235,0.0826,0.0783,0.0868,True,0.000613,0.000484,0.2192,0.000259,False
30,10m,AI,poly2,0.5733,0.6238,-0.0505,0.0512,0.0389,0.0631,True,0.00064,0.000516,0.2377,0.000352,False
30,10m,AI,poly3,0.5748,0.6033,-0.0285,0.0308,0.0173,0.0429,True,0.000657,0.000531,0.2571,0.000375,False
30,10m,AI,knn,0.6348,0.6044,0.0304,0.0318,0.0178,0.0428,True,0.000656,0.000534,0.2313,0.000386,False
30,10m,AI,svr,0.627,0.6785,-0.0516,0.106,0.0954,0.115,True,0.000592,0.000472,0.2021,0.000294,True
30,10m,AI,kernelridge,0.627,0.6263,0.0007,0.0538,0.0413,0.0649,True,0.000638,0.000515,0.4376,0.000367,False
30,10m,AI,gbm,0.562,0.5404,0.0216,-0.0322,-0.0408,-0.0222,False,0.000707,0.000585,0.2713,0.000433,False
30,10m,AI,rf,0.6871,0.5481,0.139,-0.0245,-0.0498,-0.0007,False,0.000701,0.000576,0.2556,0.000439,False
30,10m,AI,extratrees,0.6693,0.5848,0.0845,0.0123,-0.008,0.0306,False,0.000672,0.000555,0.2452,0.000417,False
30,10m,AI,mlp,0.6439,0.6084,0.0356,0.0358,0.0151,0.0538,True,0.000653,0.000534,0.2305,0.000398,False
30,10m,AI,gp,0.6123,0.5806,0.0316,0.0081,-0.004,0.0198,False,0.000676,0.000548,0.2408,0.000408,False
30,10m,LE,linear,0.5429,0.6263,-0.0834,0.0537,0.0465,0.0602,True,0.000638,0.000512,0.228,0.000321,False
30,10m,LE,ridge,0.5429,0.6263,-0.0834,0.0537,0.0465,0.0602,True,0.000638,0.000512,0.228,0.000321,False
30,10m,LE,lasso,0.5425,0.6217,-0.0792,0.0492,0.0423,0.0554,True,0.000642,0.000515,0.2294,0.000325,False
30,10m,LE,elasticnet,0.5413,0.6166,-0.0753,0.0441,0.0374,0.0501,True,0.000646,0.000518,0.2311,0.000329,False
30,10m,LE,huber,0.5359,0.6628,-0.1269,0.0903,0.0862,0.0939,True,0.000606,0.000479,0.2142,0.000259,False
30,10m,LE,poly2,0.5783,0.6393,-0.061,0.0668,0.0559,0.078,True,0.000627,0.000506,0.2311,0.000346,False
30,10m,LE,poly3,0.5767,0.6136,-0.0369,0.041,0.0304,0.0506,True,0.000649,0.000523,0.2394,0.000366,False
30,10m,LE,knn,0.6378,0.6021,0.0357,0.0296,0.0185,0.04,True,0.000658,0.000535,0.2309,0.000386,False
30,10m,LE,svr,0.6292,0.6824,-0.0531,0.1098,0.0999,0.1193,True,0.000588,0.000469,0.2002,0.000291,True
30,10m,LE,kernelridge,0.6284,0.6173,0.0111,0.0447,0.0324,0.0557,True,0.000645,0.000524,0.3947,0.000382,False
30,10m,LE,gbm,0.5679,0.5433,0.0246,-0.0293,-0.0369,-0.0201,False,0.000705,0.000584,0.27,0.000434,False
30,10m,LE,rf,0.6909,0.5678,0.1232,-0.0048,-0.028,0.0149,False,0.000686,0.000564,0.2492,0.000422,False
30,10m,LE,extratrees,0.6731,0.5967,0.0764,0.0241,0.0074,0.0371,True,0.000663,0.000546,0.2395,0.000402,False
30,10m,LE,mlp,0.6477,0.6269,0.0208,0.0543,0.0361,0.0691,True,0.000637,0.000519,0.2208,0.000374,False
30,10m,LE,gp,0.6131,0.5778,0.0353,0.0052,-0.0119,0.0212,False,0.000678,0.000547,0.2402,0.000403,False
30,15m,AI,linear,0.5274,0.6154,-0.088,0.0506,0.0416,0.0583,True,0.000785,0.000632,0.2229,0.000408,False
30,15m,AI,ridge,0.5274,0.6154,-0.0879,0.0506,0.0415,0.0583,True,0.000785,0.000632,0.2229,0.000408,False
30,15m,AI,lasso,0.5272,0.6116,-0.0844,0.0468,0.0376,0.0545,True,0.000789,0.000635,0.2241,0.000413,False
30,15m,AI,elasticnet,0.5265,0.6073,-0.0809,0.0426,0.0337,0.0503,True,0.000793,0.000638,0.2254,0.000417,False
30,15m,AI,huber,0.5197,0.6538,-0.1341,0.0891,0.0846,0.0936,True,0.000745,0.000589,0.2094,0.000325,False
30,15m,AI,poly2,0.5622,0.6149,-0.0527,0.0501,0.0368,0.0624,True,0.000786,0.000636,0.2312,0.000444,False
30,15m,AI,poly3,0.5642,0.5932,-0.029,0.0284,0.014,0.0416,True,0.000807,0.000655,0.2506,0.000473,False
30,15m,AI,knn,0.6258,0.5952,0.0306,0.0304,0.0165,0.0417,True,0.000805,0.000659,0.2249,0.000486,False
30,15m,AI,svr,0.6165,0.6712,-0.0547,0.1064,0.0945,0.1168,True,0.000726,0.000582,0.1963,0.000377,True
30,15m,AI,kernelridge,0.6172,0.6001,0.0171,0.0354,0.0186,0.0488,True,0.0008,0.000655,0.2597,0.00049,False
30,15m,AI,gbm,0.5644,0.5397,0.0247,-0.025,-0.035,-0.0147,False,0.000859,0.000714,0.2605,0.000537,False
30,15m,AI,rf,0.6663,0.5335,0.1328,-0.0313,-0.0584,-0.007,False,0.000865,0.000715,0.2512,0.000557,False
30,15m,AI,extratrees,0.6623,0.5635,0.0988,-0.0013,-0.0235,0.0184,False,0.000836,0.000694,0.2431,0.000534,False
30,15m,AI,mlp,0.6352,0.5857,0.0495,0.0209,-0.0026,0.0409,False,0.000815,0.000673,0.2293,0.000516,False
30,15m,AI,gp,0.6018,0.5636,0.0382,-0.0011,-0.0138,0.0101,False,0.000836,0.00068,0.2366,0.00051,False
30,15m,LE,linear,0.5321,0.6208,-0.0887,0.0561,0.0484,0.063,True,0.000779,0.000628,0.2199,0.000406,False
30,15m,LE,ridge,0.5321,0.6208,-0.0887,0.0561,0.0484,0.063,True,0.000779,0.000628,0.2199,0.000406,False
30,15m,LE,lasso,0.5318,0.6169,-0.0851,0.0522,0.0447,0.059,True,0.000783,0.000631,0.2212,0.00041,False
30,15m,LE,elasticnet,0.531,0.6127,-0.0817,0.0479,0.0406,0.0544,True,0.000788,0.000634,0.2227,0.000414,False
30,15m,LE,huber,0.5243,0.6615,-0.1373,0.0968,0.0924,0.1008,True,0.000736,0.000583,0.2046,0.000325,False
30,15m,LE,poly2,0.5677,0.6311,-0.0634,0.0663,0.0548,0.0782,True,0.000769,0.000623,0.2247,0.000436,False
30,15m,LE,poly3,0.5663,0.6038,-0.0375,0.039,0.0279,0.049,True,0.000797,0.000645,0.2328,0.000462,False
30,15m,LE,knn,0.6284,0.5936,0.0347,0.0289,0.0176,0.0394,True,0.000807,0.00066,0.2245,0.000485,False
30,15m,LE,svr,0.619,0.6779,-0.0589,0.1132,0.1032,0.1224,True,0.000718,0.000577,0.1937,0.00037,True
30,15m,LE,kernelridge,0.619,0.6033,0.0158,0.0385,0.0253,0.0495,True,0.000797,0.000653,0.2732,0.000486,False
30,15m,LE,gbm,0.5699,0.5451,0.0248,-0.0196,-0.0283,-0.0102,False,0.000854,0.00071,0.2577,0.000535,False
30,15m,LE,rf,0.6699,0.5609,0.1091,-0.0039,-0.0262,0.0156,False,0.000839,0.000696,0.243,0.000533,False
30,15m,LE,extratrees,0.6657,0.5797,0.0861,0.0149,-0.0033,0.0292,False,0.000821,0.00068,0.2362,0.000512,False
30,15m,LE,mlp,0.6395,0.5956,0.0439,0.0309,0.0101,0.0472,True,0.000805,0.000666,0.2261,0.000507,False
30,15m,LE,gp,0.6035,0.5656,0.0378,0.0009,-0.0177,0.0162,False,0.000834,0.000677,0.2353,0.000504,False
30,1h,AI,linear,0.4236,0.5393,-0.1157,0.0543,0.0414,0.0652,True,0.001651,0.001348,0.2293,0.000957,False
30,1h,AI,ridge,0.4236,0.5393,-0.1156,0.0543,0.0414,0.0652,True,0.001651,0.001348,0.2293,0.000957,False
30,1h,AI,lasso,0.4235,0.5367,-0.1132,0.0518,0.039,0.0625,True,0.001656,0.001352,0.2301,0.000961,False
30,1h,AI,elasticnet,0.4233,0.5341,-0.1107,0.0491,0.0366,0.0598,True,0.001661,0.001356,0.231,0.000966,False
30,1h,AI,huber,0.4106,0.6095,-0.1989,0.1246,0.1182,0.1315,True,0.00152,0.001208,0.2051,0.000723,True
30,1h,AI,poly2,0.456,0.5126,-0.0567,0.0277,0.0093,0.0448,True,0.001699,0.001386,0.2422,0.001021,False
30,1h,AI,poly3,0.4623,0.4819,-0.0196,-0.0031,-0.0214,0.0134,False,0.001751,0.00144,0.2554,0.001098,False
30,1h,AI,knn,0.5313,0.4769,0.0544,-0.0081,-0.0296,0.0094,False,0.00176,0.00146,0.2432,0.001122,False
30,1h,AI,svr,0.5101,0.6085,-0.0984,0.1236,0.1087,0.1378,True,0.001522,0.001224,0.199,0.000805,False
30,1h,AI,kernelridge,0.5197,0.4875,0.0322,0.0026,-0.0168,0.019,False,0.001742,0.001452,0.3412,0.001132,False
30,1h,AI,gbm,0.5042,0.4595,0.0447,-0.0255,-0.0436,-0.0098,False,0.001789,0.001507,0.2592,0.001183,False
30,1h,AI,rf,0.5851,0.3474,0.2377,-0.1376,-0.1787,-0.1017,False,0.001965,0.001632,0.2813,0.001314,False
30,1h,AI,extratrees,0.5816,0.3982,0.1834,-0.0867,-0.1198,-0.0566,False,0.001887,0.001585,0.2722,0.001272,False
30,1h,AI,mlp,0.5435,0.4217,0.1218,-0.0632,-0.1007,-0.0297,False,0.00185,0.001542,0.2591,0.001227,False
30,1h,AI,gp,0.5079,0.4587,0.0492,-0.0262,-0.042,-0.0135,False,0.00179,0.001489,0.2516,0.001166,False
30,1h,LE,linear,0.4291,0.5458,-0.1167,0.0609,0.0504,0.0698,True,0.00164,0.00134,0.2267,0.00095,False
30,1h,LE,ridge,0.4291,0.5458,-0.1167,0.0609,0.0504,0.0698,True,0.00164,0.00134,0.2267,0.00095,False
30,1h,LE,lasso,0.429,0.5433,-0.1143,0.0583,0.048,0.067,True,0.001644,0.001344,0.2276,0.000953,False
30,1h,LE,elasticnet,0.4287,0.5406,-0.1119,0.0556,0.0454,0.0642,True,0.001649,0.001348,0.2285,0.000957,False
30,1h,LE,huber,0.4157,0.6173,-0.2016,0.1324,0.1254,0.1398,True,0.001505,0.001197,0.2013,0.000718,False
30,1h,LE,poly2,0.4628,0.5326,-0.0699,0.0477,0.0331,0.0619,True,0.001663,0.001361,0.2359,0.001006,False
30,1h,LE,poly3,0.4636,0.4936,-0.03,0.0087,-0.0056,0.0216,False,0.001731,0.001417,0.252,0.001071,False
30,1h,LE,knn,0.532,0.478,0.054,-0.007,-0.0235,0.0059,False,0.001758,0.001456,0.2427,0.001115,False
30,1h,LE,svr,0.5113,0.6194,-0.1081,0.1345,0.1218,0.1482,True,0.001501,0.001207,0.1956,0.000785,True
30,1h,LE,kernelridge,0.5195,0.4914,0.0281,0.0064,-0.0091,0.019,False,0.001735,0.001446,0.2626,0.001124,False
30,1h,LE,gbm,0.5069,0.4754,0.0316,-0.0096,-0.0232,0.002,False,0.001762,0.001481,0.2532,0.001152,False
30,1h,LE,rf,0.5861,0.4084,0.1777,-0.0765,-0.1097,-0.0489,False,0.001871,0.001569,0.2687,0.001243,False
30,1h,LE,extratrees,0.5825,0.4304,0.1522,-0.0546,-0.0794,-0.0353,False,0.001836,0.00154,0.2628,0.001212,False
30,1h,LE,mlp,0.5451,0.4772,0.0679,-0.0078,-0.0363,0.0147,False,0.001759,0.001469,0.2445,0.001143,False
30,1h,LE,gp,0.5066,0.457,0.0496,-0.0279,-0.0427,-0.0149,False,0.001793,0.001483,0.2508,0.001149,False
30,2m,AI,linear,0.5009,0.5782,-0.0773,0.0425,0.0361,0.0483,True,0.000329,0.00026,0.3385,0.000128,False
30,2m,AI,ridge,0.5009,0.5781,-0.0773,0.0425,0.0361,0.0483,True,0.000329,0.00026,0.3385,0.000128,False
30,2m,AI,lasso,0.4995,0.57,-0.0705,0.0343,0.0284,0.0396,True,0.000332,0.000262,0.3377,0.000133,False
30,2m,AI,elasticnet,0.4953,0.5595,-0.0642,0.0239,0.0188,0.0291,True,0.000336,0.000266,0.3387,0.000137,False
30,2m,AI,huber,0.4969,0.6005,-0.1036,0.0649,0.0618,0.0678,True,0.00032,0.000251,0.333,0.000104,False
30,2m,AI,poly2,0.5297,0.5874,-0.0577,0.0517,0.0418,0.0619,True,0.000325,0.000258,0.3359,0.000142,False
30,2m,AI,poly3,0.5304,0.5724,-0.042,0.0367,0.0263,0.0465,True,0.000331,0.000263,0.3381,0.000151,False
30,2m,AI,knn,0.5777,0.5757,0.002,0.0401,0.0314,0.0481,True,0.00033,0.000262,0.3197,0.000154,False
30,2m,AI,svr,0.5715,0.6297,-0.0582,0.0941,0.0875,0.101,True,0.000308,0.000242,0.3083,0.000118,True
30,2m,AI,kernelridge,0.5712,0.5865,-0.0154,0.0509,0.0416,0.0596,True,0.000325,0.000257,0.391,0.000152,False
30,2m,AI,gbm,0.4503,0.4383,0.012,-0.0973,-0.1058,-0.0875,False,0.000379,0.000304,0.3861,0.000198,False
30,2m,AI,rf,0.6157,0.5574,0.0583,0.0217,0.0054,0.0375,True,0.000337,0.00027,0.3324,0.00017,False
30,2m,AI,extratrees,0.6123,0.5706,0.0417,0.035,0.0211,0.0483,True,0.000332,0.000266,0.3266,0.000166,False
30,2m,AI,mlp,0.5882,0.5837,0.0046,0.048,0.0334,0.0615,True,0.000327,0.000262,0.3184,0.000163,False
30,2m,AI,gp,0.5581,0.5729,-0.0148,0.0373,0.0256,0.048,True,0.000331,0.000259,0.3238,0.00015,False
30,2m,LE,linear,0.5044,0.583,-0.0785,0.0474,0.0415,0.0529,True,0.000327,0.000259,0.3343,0.000128,False
30,2m,LE,ridge,0.5044,0.583,-0.0785,0.0473,0.0415,0.0529,True,0.000327,0.000259,0.3343,0.000128,False
30,2m,LE,lasso,0.5029,0.5744,-0.0716,0.0388,0.0336,0.0437,True,0.00033,0.000261,0.3344,0.000132,False
30,2m,LE,elasticnet,0.4982,0.5637,-0.0655,0.028,0.0236,0.0323,True,0.000334,0.000264,0.3362,0.000136,False
30,2m,LE,huber,0.5004,0.607,-0.1066,0.0714,0.068,0.0745,True,0.000317,0.000249,0.3273,0.000104,False
30,2m,LE,poly2,0.5337,0.5995,-0.0658,0.0639,0.0551,0.073,True,0.00032,0.000254,0.3313,0.00014,False
30,2m,LE,poly3,0.5325,0.581,-0.0485,0.0454,0.0371,0.0535,True,0.000328,0.00026,0.3339,0.000148,False
30,2m,LE,knn,0.5795,0.5713,0.0082,0.0357,0.0274,0.0441,True,0.000331,0.000263,0.3203,0.000156,False
30,2m,LE,svr,0.5749,0.6291,-0.0542,0.0935,0.0866,0.1001,True,0.000308,0.000243,0.3101,0.000121,True
30,2m,LE,kernelridge,0.5741,0.5902,-0.0161,0.0545,0.0449,0.0634,True,0.000324,0.000257,0.397,0.000153,False
30,2m,LE,gbm,0.4547,0.4404,0.0143,-0.0952,-0.1037,-0.0842,False,0.000379,0.000304,0.3855,0.0002,False
30,2m,LE,rf,0.6195,0.5702,0.0493,0.0346,0.0195,0.0476,True,0.000332,0.000266,0.3269,0.000163,False
30,2m,LE,extratrees,0.6151,0.5779,0.0372,0.0422,0.0297,0.053,True,0.000329,0.000264,0.3237,0.000161,False
30,2m,LE,mlp,0.5915,0.5907,0.0008,0.0551,0.0406,0.0669,True,0.000324,0.000259,0.3153,0.000154,False
30,2m,LE,gp,0.5587,0.5799,-0.0212,0.0443,0.0321,0.0548,True,0.000328,0.000258,0.3203,0.000152,False
30,30m,AI,linear,0.4892,0.5908,-0.1016,0.0568,0.0459,0.0663,True,0.001127,0.000914,0.2197,0.000622,False
30,30m,AI,ridge,0.4892,0.5908,-0.1016,0.0568,0.0459,0.0663,True,0.001127,0.000914,0.2197,0.000622,False
30,30m,AI,lasso,0.4891,0.5878,-0.0987,0.0538,0.0429,0.0631,True,0.001131,0.000918,0.2208,0.000626,False
30,30m,AI,elasticnet,0.4887,0.5845,-0.0958,0.0505,0.0399,0.0597,True,0.001136,0.000921,0.2218,0.000631,False
30,30m,AI,huber,0.4796,0.6402,-0.1605,0.1062,0.1011,0.1116,True,0.001057,0.000839,0.2024,0.000486,False
30,30m,AI,poly2,0.5234,0.5807,-0.0572,0.0466,0.0316,0.0606,True,0.001141,0.000929,0.2304,0.000668,False
30,30m,AI,poly3,0.5275,0.5566,-0.0292,0.0226,0.0067,0.037,True,0.001173,0.000959,0.2488,0.000714,False
30,30m,AI,knn,0.5912,0.5515,0.0397,0.0175,0.001,0.0307,True,0.00118,0.000974,0.2278,0.000732,False
30,30m,AI,svr,0.5784,0.65,-0.0716,0.116,0.1054,0.1277,True,0.001042,0.000838,0.1924,0.000546,True
30,30m,AI,kernelridge,0.5821,0.5589,0.0232,0.0249,0.0098,0.0381,True,0.00117,0.00097,0.2629,0.000745,False
30,30m,AI,gbm,0.5498,0.527,0.0228,-0.007,-0.0195,0.0042,False,0.001212,0.001017,0.2498,0.000782,False
30,30m,AI,rf,0.6598,0.4383,0.2216,-0.0957,-0.1311,-0.0637,False,0.00132,0.001103,0.2684,0.000887,False
30,30m,AI,extratrees,0.6331,0.4995,0.1337,-0.0345,-0.0608,-0.0112,False,0.001246,0.001045,0.252,0.000826,False
30,30m,AI,mlp,0.6005,0.5253,0.0752,-0.0087,-0.0386,0.0185,False,0.001214,0.001016,0.24,0.000809,False
30,30m,AI,gp,0.5713,0.546,0.0253,0.012,-0.0018,0.0249,False,0.001187,0.000976,0.2315,0.000746,False
30,30m,LE,linear,0.495,0.5965,-0.1015,0.0625,0.0536,0.0704,True,0.001119,0.000909,0.217,0.000618,False
30,30m,LE,ridge,0.495,0.5965,-0.1015,0.0625,0.0536,0.0704,True,0.001119,0.000909,0.217,0.000618,False
30,30m,LE,lasso,0.4948,0.5934,-0.0986,0.0594,0.0506,0.0671,True,0.001123,0.000912,0.2181,0.000622,False
30,30m,LE,elasticnet,0.4944,0.5901,-0.0958,0.0561,0.0475,0.0636,True,0.001128,0.000916,0.2192,0.000626,False
30,30m,LE,huber,0.4852,0.6477,-0.1625,0.1137,0.1086,0.1188,True,0.001046,0.000831,0.1981,0.000484,False
30,30m,LE,poly2,0.5301,0.5982,-0.0681,0.0642,0.0518,0.0774,True,0.001117,0.000911,0.2238,0.000657,False
30,30m,LE,poly3,0.5296,0.5674,-0.0378,0.0334,0.0219,0.0441,True,0.001159,0.000944,0.2323,0.000697,False
30,30m,LE,knn,0.5939,0.5508,0.0431,0.0168,0.0031,0.0281,True,0.001181,0.000973,0.2276,0.00073,False
30,30m,LE,svr,0.5817,0.6496,-0.068,0.1156,0.0985,0.1314,True,0.001043,0.000831,0.1905,0.000525,True
30,30m,LE,kernelridge,0.5833,0.5729,0.0104,0.0389,0.0228,0.0532,True,0.001151,0.000948,0.2438,0.000713,False
30,30m,LE,gbm,0.556,0.5356,0.0204,0.0016,-0.0083,0.0108,False,0.001201,0.001006,0.2453,0.00077,False
30,30m,LE,rf,0.6631,0.4684,0.1947,-0.0656,-0.0965,-0.0383,False,0.001284,0.001077,0.2615,0.000856,False
30,30m,LE,extratrees,0.6364,0.5189,0.1175,-0.0151,-0.0359,0.0015,False,0.001222,0.001022,0.245,0.000793,False
30,30m,LE,mlp,0.6036,0.5483,0.0552,0.0143,-0.0108,0.0349,False,0.001184,0.00099,0.2313,0.000773,False
30,30m,LE,gp,0.5715,0.548,0.0235,0.014,-0.0019,0.0279,False,0.001184,0.000974,0.23,0.000745,False
30,30s,AI,linear,0.3967,0.4608,-0.0641,0.0383,0.0344,0.0424,True,0.000227,0.000183,0.6513,5.3e-05,False
30,30s,AI,ridge,0.3967,0.4608,-0.0641,0.0383,0.0344,0.0424,True,0.000227,0.000183,0.6512,5.3e-05,False
30,30s,AI,lasso,0.3933,0.4499,-0.0567,0.0274,0.0238,0.0307,True,0.000229,0.000185,0.5819,5.7e-05,False
30,30s,AI,elasticnet,0.3831,0.4343,-0.0512,0.0118,0.0093,0.0142,True,0.000233,0.000187,0.5418,6.2e-05,False
30,30s,AI,huber,0.3943,0.4735,-0.0792,0.051,0.048,0.0538,True,0.000225,0.00018,0.7939,3.6e-05,False
30,30s,AI,poly2,0.4184,0.4766,-0.0583,0.0541,0.0489,0.0594,True,0.000224,0.000181,0.543,5.9e-05,False
30,30s,AI,poly3,0.4169,0.4666,-0.0497,0.0441,0.0392,0.049,True,0.000226,0.000182,0.5372,6.3e-05,False
30,30s,AI,knn,0.4495,0.4639,-0.0144,0.0414,0.0361,0.0463,True,0.000227,0.000183,0.5044,6.5e-05,False
30,30s,AI,svr,0.4479,0.5052,-0.0574,0.0827,0.0784,0.0873,True,0.000218,0.000175,0.9774,4.4e-05,True
30,30s,AI,kernelridge,0.4487,0.4825,-0.0338,0.06,0.0543,0.0656,True,0.000223,0.00018,0.5579,6.3e-05,False
30,30s,AI,gbm,0.3545,0.3611,-0.0066,-0.0614,-0.0701,-0.0513,False,0.000247,0.000199,0.3969,9.2e-05,False
30,30s,AI,rf,0.4604,0.4811,-0.0208,0.0586,0.0517,0.0656,True,0.000223,0.000181,0.4706,6.5e-05,False
30,30s,AI,extratrees,0.4869,0.4726,0.0143,0.0501,0.0423,0.0577,True,0.000225,0.000182,0.4522,7.1e-05,False
30,30s,AI,mlp,0.4599,0.4796,-0.0197,0.0571,0.0494,0.0645,True,0.000223,0.000181,0.4731,6.9e-05,False
30,30s,AI,gp,0.4383,0.4821,-0.0437,0.0595,0.0547,0.0643,True,0.000223,0.00018,0.5429,6.2e-05,False
30,30s,LE,linear,0.3996,0.464,-0.0643,0.0414,0.0376,0.0455,True,0.000227,0.000182,0.637,5.4e-05,False
30,30s,LE,ridge,0.3996,0.464,-0.0643,0.0414,0.0376,0.0455,True,0.000227,0.000182,0.637,5.4e-05,False
30,30s,LE,lasso,0.3957,0.4521,-0.0564,0.0296,0.0266,0.0326,True,0.000229,0.000184,0.5758,5.7e-05,False
30,30s,LE,elasticnet,0.3841,0.4353,-0.0511,0.0128,0.0107,0.0148,True,0.000233,0.000187,0.5423,6.1e-05,False
30,30s,LE,huber,0.3973,0.4772,-0.0799,0.0547,0.052,0.0574,True,0.000224,0.00018,0.7789,3.7e-05,False
30,30s,LE,poly2,0.4218,0.484,-0.0622,0.0615,0.0565,0.0664,True,0.000222,0.00018,0.5444,5.8e-05,False
30,30s,LE,poly3,0.4195,0.4725,-0.053,0.0499,0.046,0.0539,True,0.000225,0.000181,0.54,6.1e-05,False
30,30s,LE,knn,0.4518,0.4606,-0.0088,0.0381,0.032,0.0441,True,0.000227,0.000183,0.5064,6.6e-05,False
30,30s,LE,svr,0.4505,0.5056,-0.0551,0.0831,0.0788,0.0877,True,0.000218,0.000175,1.0868,4.6e-05,True
30,30s,LE,kernelridge,0.4508,0.4843,-0.0335,0.0618,0.0559,0.0673,True,0.000222,0.000179,0.6575,6.5e-05,False
30,30s,LE,gbm,0.357,0.3651,-0.0081,-0.0574,-0.0657,-0.0477,False,0.000247,0.000199,0.3944,9.3e-05,False
30,30s,LE,rf,0.4638,0.4819,-0.0181,0.0594,0.0518,0.0659,True,0.000223,0.000181,0.4811,6.6e-05,False
30,30s,LE,extratrees,0.4902,0.4754,0.0148,0.0529,0.0454,0.0595,True,0.000224,0.000182,0.4657,7e-05,False
30,30s,LE,mlp,0.4634,0.4864,-0.023,0.0639,0.0555,0.0707,True,0.000222,0.00018,0.5117,6.4e-05,False
30,30s,LE,gp,0.4393,0.4857,-0.0463,0.0631,0.0588,0.0674,True,0.000222,0.000179,0.5481,6.4e-05,False
30,45s,AI,linear,0.3967,0.4607,-0.064,0.0383,0.0344,0.0424,True,0.000227,0.000183,0.6514,5.3e-05,False
30,45s,AI,ridge,0.3967,0.4607,-0.064,0.0383,0.0344,0.0424,True,0.000227,0.000183,0.6513,5.3e-05,False
30,45s,AI,lasso,0.3932,0.4498,-0.0566,0.0274,0.0238,0.0307,True,0.000229,0.000185,0.5821,5.7e-05,False
30,45s,AI,elasticnet,0.3831,0.4342,-0.0511,0.0118,0.0093,0.0143,True,0.000233,0.000187,0.5419,6.2e-05,False
30,45s,AI,huber,0.3943,0.4734,-0.0791,0.051,0.048,0.0538,True,0.000224,0.00018,0.7942,3.6e-05,False
30,45s,AI,poly2,0.4184,0.4766,-0.0582,0.0541,0.049,0.0594,True,0.000224,0.000181,0.5433,5.9e-05,False
30,45s,AI,poly3,0.4169,0.4665,-0.0496,0.0441,0.0393,0.0491,True,0.000226,0.000182,0.537,6.3e-05,False
30,45s,AI,knn,0.4497,0.4647,-0.0151,0.0423,0.0371,0.0477,True,0.000226,0.000183,0.5053,6.4e-05,False
30,45s,AI,svr,0.448,0.4947,-0.0467,0.0722,0.0679,0.0766,True,0.00022,0.000177,0.684,5e-05,True
30,45s,AI,kernelridge,0.449,0.4784,-0.0294,0.056,0.0487,0.0624,True,0.000223,0.00018,0.724,6.3e-05,False
30,45s,AI,gbm,0.3546,0.3617,-0.0071,-0.0607,-0.0694,-0.0508,False,0.000247,0.000199,0.3976,9.2e-05,False
30,45s,AI,rf,0.4604,0.4803,-0.0199,0.0579,0.0511,0.0649,True,0.000223,0.000181,0.4704,6.5e-05,False
30,45s,AI,extratrees,0.4872,0.472,0.0152,0.0496,0.0418,0.0574,True,0.000225,0.000182,0.4536,7.1e-05,False
30,45s,AI,mlp,0.4597,0.4837,-0.024,0.0613,0.0528,0.0684,True,0.000222,0.00018,0.4913,6.5e-05,False
30,45s,AI,gp,0.4381,0.4657,-0.0277,0.0433,0.0349,0.05,True,0.000226,0.000182,0.4922,6.6e-05,False
30,45s,LE,linear,0.3996,0.4639,-0.0642,0.0415,0.0376,0.0455,True,0.000227,0.000182,0.6372,5.4e-05,False
30,45s,LE,ridge,0.3996,0.4639,-0.0642,0.0415,0.0376,0.0455,True,0.000227,0.000182,0.6371,5.4e-05,False
30,45s,LE,lasso,0.3957,0.452,-0.0563,0.0296,0.0266,0.0326,True,0.000229,0.000184,0.576,5.7e-05,False
30,45s,LE,elasticnet,0.3841,0.4352,-0.0511,0.0128,0.0107,0.0149,True,0.000233,0.000187,0.5425,6.1e-05,False
30,45s,LE,huber,0.3973,0.4771,-0.0798,0.0547,0.052,0.0574,True,0.000224,0.00018,0.7791,3.7e-05,False
30,45s,LE,poly2,0.4218,0.4839,-0.0621,0.0615,0.0565,0.0664,True,0.000222,0.00018,0.5448,5.8e-05,False
30,45s,LE,poly3,0.4195,0.4724,-0.0529,0.05,0.0461,0.0539,True,0.000225,0.000181,0.5401,6.1e-05,False
30,45s,LE,knn,0.4519,0.462,-0.0101,0.0396,0.0329,0.0461,True,0.000227,0.000183,0.5067,6.5e-05,False
30,45s,LE,svr,0.4504,0.4981,-0.0477,0.0757,0.0681,0.082,True,0.000219,0.000176,0.7429,4.7e-05,True
30,45s,LE,kernelridge,0.4497,0.4749,-0.0252,0.0525,0.0422,0.061,True,0.000224,0.00018,1.0624,6.5e-05,False
30,45s,LE,gbm,0.3573,0.3653,-0.008,-0.0571,-0.0655,-0.0474,False,0.000246,0.000199,0.394,9.2e-05,False
30,45s,LE,rf,0.4639,0.4815,-0.0176,0.0591,0.0516,0.0656,True,0.000223,0.000181,0.4803,6.6e-05,False
30,45s,LE,extratrees,0.4902,0.4752,0.0149,0.0528,0.0453,0.0594,True,0.000224,0.000182,0.4661,7e-05,False
30,45s,LE,mlp,0.4633,0.4844,-0.0211,0.062,0.0534,0.0692,True,0.000222,0.00018,0.5054,6.5e-05,False
30,45s,LE,gp,0.4398,0.4675,-0.0277,0.0451,0.0356,0.0529,True,0.000226,0.000182,0.4798,6.8e-05,False
30,5m,AI,linear,0.5401,0.6171,-0.077,0.0456,0.038,0.052,True,0.000467,0.000372,0.2613,0.000216,False
30,5m,AI,ridge,0.5401,0.6171,-0.0769,0.0455,0.038,0.052,True,0.000467,0.000372,0.2613,0.000216,False
30,5m,AI,lasso,0.5395,0.6113,-0.0718,0.0397,0.0325,0.0459,True,0.000471,0.000375,0.2625,0.000221,False
30,5m,AI,elasticnet,0.5376,0.6045,-0.0669,0.0329,0.0261,0.039,True,0.000475,0.000378,0.2644,0.000226,False
30,5m,AI,huber,0.5345,0.6462,-0.1116,0.0746,0.0708,0.0782,True,0.000449,0.000353,0.2515,0.000175,False
30,5m,AI,poly2,0.5733,0.6237,-0.0504,0.0522,0.041,0.0631,True,0.000463,0.000371,0.2657,0.000239,False
30,5m,AI,poly3,0.5743,0.6055,-0.0312,0.034,0.0218,0.0452,True,0.000474,0.000381,0.2726,0.000254,False
30,5m,AI,knn,0.6305,0.6098,0.0206,0.0383,0.0276,0.0477,True,0.000472,0.00038,0.2549,0.000259,False
30,5m,AI,svr,0.624,0.6702,-0.0462,0.0986,0.0884,0.1077,True,0.000434,0.000344,0.2303,0.000204,True
30,5m,AI,kernelridge,0.6231,0.6123,0.0107,0.0408,0.0296,0.0506,True,0.00047,0.000378,0.309,0.000264,False
30,5m,AI,gbm,0.5257,0.506,0.0197,-0.0655,-0.0725,-0.0567,False,0.000531,0.000434,0.3133,0.000308,False
30,5m,AI,rf,0.668,0.5769,0.0912,0.0053,-0.0149,0.0239,False,0.000491,0.000401,0.2733,0.000289,False
30,5m,AI,extratrees,0.6642,0.5955,0.0687,0.0239,0.0066,0.0399,True,0.00048,0.000392,0.2675,0.00028,False
30,5m,AI,mlp,0.6406,0.6056,0.0351,0.034,0.0151,0.0511,True,0.000474,0.000386,0.2588,0.000276,False
30,5m,AI,gp,0.6147,0.6172,-0.0025,0.0457,0.0336,0.0557,True,0.000467,0.000375,0.2526,0.000258,False
30,5m,LE,linear,0.544,0.6224,-0.0784,0.0509,0.0442,0.0569,True,0.000464,0.00037,0.2577,0.000216,False
30,5m,LE,ridge,0.544,0.6224,-0.0784,0.0508,0.0441,0.0569,True,0.000464,0.00037,0.2577,0.000216,False
30,5m,LE,lasso,0.5432,0.6164,-0.0732,0.0448,0.0386,0.0505,True,0.000468,0.000373,0.2593,0.00022,False
30,5m,LE,elasticnet,0.5411,0.6094,-0.0683,0.0378,0.0321,0.043,True,0.000472,0.000376,0.2615,0.000224,False
30,5m,LE,huber,0.5383,0.6536,-0.1153,0.082,0.0784,0.0854,True,0.000444,0.00035,0.2461,0.000175,False
30,5m,LE,poly2,0.5779,0.6381,-0.0602,0.0665,0.0565,0.0767,True,0.000454,0.000364,0.2596,0.000234,False
30,5m,LE,poly3,0.5762,0.6152,-0.039,0.0436,0.0338,0.0524,True,0.000468,0.000375,0.2667,0.000248,False
30,5m,LE,knn,0.633,0.6059,0.0272,0.0343,0.0245,0.0441,True,0.000474,0.000381,0.255,0.000261,False
30,5m,LE,svr,0.6272,0.6761,-0.0489,0.1045,0.095,0.1127,True,0.00043,0.000342,0.2281,0.000204,True
30,5m,LE,kernelridge,0.6256,0.6168,0.0088,0.0452,0.0334,0.0555,True,0.000467,0.000376,0.4,0.000264,False
30,5m,LE,gbm,0.5328,0.5159,0.0169,-0.0556,-0.0631,-0.0476,False,0.000525,0.00043,0.3097,0.000308,False
30,5m,LE,rf,0.6718,0.5923,0.0795,0.0207,0.0025,0.0362,True,0.000482,0.000393,0.2668,0.000279,False
30,5m,LE,extratrees,0.6673,0.6082,0.0591,0.0366,0.0219,0.0485,True,0.000473,0.000385,0.2612,0.000268,False
30,5m,LE,mlp,0.644,0.6262,0.0178,0.0547,0.037,0.0683,True,0.000462,0.000374,0.248,0.000258,False
30,5m,LE,gp,0.6138,0.6249,-0.0111,0.0533,0.0408,0.0635,True,0.000462,0.000372,0.2509,0.000257,False
30,60s,AI,linear,0.4502,0.5249,-0.0747,0.04,0.035,0.0449,True,0.000268,0.000212,0.42,8.4e-05,False
30,60s,AI,ridge,0.4502,0.5249,-0.0747,0.04,0.035,0.0449,True,0.000268,0.000212,0.42,8.4e-05,False
30,60s,AI,lasso,0.4479,0.515,-0.067,0.0301,0.0254,0.0344,True,0.000271,0.000214,0.4077,8.8e-05,False
30,60s,AI,elasticnet,0.4411,0.5013,-0.0602,0.0164,0.0128,0.0205,True,0.000275,0.000217,0.4012,9.3e-05,False
30,60s,AI,huber,0.4475,0.5419,-0.0944,0.057,0.0539,0.0594,True,0.000263,0.000208,0.4301,6.7e-05,False
30,60s,AI,poly2,0.4746,0.5365,-0.0619,0.0516,0.0438,0.0595,True,0.000265,0.00021,0.4003,9.3e-05,False
30,60s,AI,poly3,0.4748,0.5246,-0.0498,0.0397,0.0317,0.0474,True,0.000268,0.000212,0.3951,9.9e-05,False
30,60s,AI,knn,0.5145,0.5228,-0.0084,0.0379,0.031,0.0449,True,0.000269,0.000213,0.3725,0.000102,False
30,60s,AI,svr,0.512,0.5652,-0.0533,0.0803,0.0747,0.086,True,0.000256,0.000203,0.3758,8.3e-05,True
30,60s,AI,kernelridge,0.5114,0.5344,-0.023,0.0496,0.0421,0.0564,True,0.000265,0.00021,0.5434,0.000103,False
30,60s,AI,gbm,0.4027,0.402,0.0007,-0.0829,-0.0911,-0.0732,False,0.000301,0.000239,0.3991,0.000136,False
30,60s,AI,rf,0.5234,0.5325,-0.0091,0.0476,0.0376,0.0582,True,0.000266,0.000212,0.3671,0.000105,False
30,60s,AI,extratrees,0.5507,0.5274,0.0233,0.0425,0.0318,0.0531,True,0.000267,0.000213,0.3665,0.00011,False
30,60s,AI,mlp,0.5244,0.5359,-0.0115,0.051,0.0394,0.0613,True,0.000265,0.000211,0.3689,0.000108,False
30,60s,AI,gp,0.5002,0.5174,-0.0171,0.0325,0.0243,0.0397,True,0.00027,0.000213,0.3688,0.000108,False
30,60s,LE,linear,0.4535,0.529,-0.0756,0.0442,0.0393,0.049,True,0.000267,0.000211,0.4139,8.4e-05,False
30,60s,LE,ridge,0.4535,0.529,-0.0756,0.0441,0.0393,0.049,True,0.000267,0.000211,0.4139,8.4e-05,False
30,60s,LE,lasso,0.4509,0.5185,-0.0676,0.0336,0.0296,0.0375,True,0.00027,0.000213,0.404,8.8e-05,False
30,60s,LE,elasticnet,0.4432,0.5042,-0.061,0.0193,0.0163,0.0223,True,0.000274,0.000216,0.3995,9.2e-05,False
30,60s,LE,huber,0.4508,0.5472,-0.0964,0.0623,0.0591,0.0649,True,0.000262,0.000206,0.423,6.7e-05,False
30,60s,LE,poly2,0.4784,0.5464,-0.068,0.0615,0.0546,0.0689,True,0.000262,0.000207,0.396,9.2e-05,False
30,60s,LE,poly3,0.4771,0.5319,-0.0549,0.0471,0.0408,0.0533,True,0.000266,0.000211,0.3923,9.7e-05,False
30,60s,LE,knn,0.5163,0.5192,-0.0028,0.0343,0.0266,0.0416,True,0.00027,0.000213,0.3733,0.000104,False
30,60s,LE,svr,0.5143,0.5629,-0.0485,0.078,0.0708,0.0849,True,0.000257,0.000203,0.3686,8.4e-05,True
30,60s,LE,kernelridge,0.5139,0.5322,-0.0184,0.0473,0.037,0.056,True,0.000266,0.00021,0.5142,0.000104,False
30,60s,LE,gbm,0.4063,0.402,0.0044,-0.0829,-0.0914,-0.0723,False,0.000301,0.000239,0.3986,0.000137,False
30,60s,LE,rf,0.535,0.5393,-0.0044,0.0545,0.0444,0.0638,True,0.000264,0.00021,0.3705,0.000101,False
30,60s,LE,extratrees,0.5534,0.5325,0.0209,0.0476,0.0379,0.0558,True,0.000266,0.000212,0.3683,0.000106,False
30,60s,LE,mlp,0.5271,0.5501,-0.023,0.0652,0.0547,0.0745,True,0.000261,0.000208,0.3763,9.6e-05,False
30,60s,LE,gp,0.5014,0.519,-0.0177,0.0342,0.0252,0.0429,True,0.00027,0.000212,0.3717,0.000109,False
30,nextwin,AI,linear,0.4007,0.4636,-0.0629,0.0362,0.0327,0.04,True,0.000232,0.000186,0.6698,5.3e-05,False
30,nextwin,AI,ridge,0.4007,0.4636,-0.0629,0.0362,0.0327,0.04,True,0.000233,0.000186,0.6695,5.3e-05,False
30,nextwin,AI,lasso,0.3975,0.453,-0.0555,0.0257,0.0226,0.0287,True,0.000235,0.000188,0.5991,5.7e-05,False
30,nextwin,AI,elasticnet,0.3881,0.4382,-0.0501,0.0109,0.0086,0.0129,True,0.000238,0.00019,0.5591,6.2e-05,False
30,nextwin,AI,huber,0.3981,0.4763,-0.0782,0.0489,0.0464,0.0512,True,0.00023,0.000183,0.8218,3.6e-05,False
30,nextwin,AI,poly2,0.4214,0.4792,-0.0578,0.0518,0.0468,0.057,True,0.000229,0.000184,0.5349,5.9e-05,False
30,nextwin,AI,poly3,0.4192,0.4678,-0.0486,0.0404,0.0356,0.0448,True,0.000232,0.000186,0.5816,6.3e-05,False
30,nextwin,AI,knn,0.4527,0.4677,-0.015,0.0403,0.0353,0.045,True,0.000232,0.000186,0.5107,6.6e-05,False
30,nextwin,AI,svr,0.4503,0.5068,-0.0564,0.0794,0.0746,0.0839,True,0.000223,0.000178,0.8959,4.4e-05,True
30,nextwin,AI,kernelridge,0.4505,0.4818,-0.0314,0.0545,0.0475,0.0612,True,0.000229,0.000183,0.6752,6.5e-05,False
30,nextwin,AI,gbm,0.3586,0.3645,-0.006,-0.0628,-0.0714,-0.053,False,0.000253,0.000203,0.4085,9.3e-05,False
30,nextwin,AI,rf,0.4634,0.4823,-0.0189,0.0549,0.0487,0.0612,True,0.000228,0.000184,0.4772,6.6e-05,False
30,nextwin,AI,extratrees,0.4894,0.4753,0.0141,0.0479,0.0409,0.0545,True,0.00023,0.000185,0.4621,7.2e-05,False
30,nextwin,AI,mlp,0.4634,0.4838,-0.0203,0.0564,0.0489,0.0632,True,0.000228,0.000184,0.4852,6.8e-05,False
30,nextwin,AI,gp,0.4402,0.4667,-0.0265,0.0394,0.034,0.0445,True,0.000232,0.000186,0.5114,7.2e-05,False
30,nextwin,LE,linear,0.4034,0.4669,-0.0635,0.0395,0.036,0.0432,True,0.000232,0.000185,0.6536,5.4e-05,False
30,nextwin,LE,ridge,0.4034,0.4669,-0.0635,0.0395,0.036,0.0432,True,0.000232,0.000185,0.6533,5.4e-05,False
30,nextwin,LE,lasso,0.3997,0.4553,-0.0556,0.028,0.0251,0.0309,True,0.000234,0.000187,0.5921,5.8e-05,False
30,nextwin,LE,elasticnet,0.3891,0.4393,-0.0502,0.012,0.0101,0.014,True,0.000238,0.00019,0.5591,6.1e-05,False
30,nextwin,LE,huber,0.4009,0.4801,-0.0792,0.0527,0.0503,0.0551,True,0.000229,0.000182,0.8053,3.6e-05,False
30,nextwin,LE,poly2,0.4247,0.4863,-0.0616,0.059,0.0543,0.0638,True,0.000228,0.000183,0.5329,5.8e-05,False
30,nextwin,LE,poly3,0.4216,0.4736,-0.052,0.0463,0.0427,0.0497,True,0.00023,0.000185,0.5843,6.1e-05,False
30,nextwin,LE,knn,0.4548,0.4638,-0.0089,0.0364,0.0301,0.0425,True,0.000232,0.000186,0.5144,6.7e-05,False
30,nextwin,LE,svr,0.4519,0.5033,-0.0514,0.076,0.0705,0.0813,True,0.000224,0.000179,0.9732,4.8e-05,True
30,nextwin,LE,kernelridge,0.4521,0.4808,-0.0287,0.0534,0.0447,0.0608,True,0.000229,0.000183,0.6834,6.7e-05,False
30,nextwin,LE,gbm,0.36,0.369,-0.009,-0.0583,-0.0664,-0.0488,False,0.000252,0.000202,0.4055,9.4e-05,False
30,nextwin,LE,rf,0.4668,0.4833,-0.0165,0.056,0.0491,0.0625,True,0.000228,0.000184,0.4854,6.7e-05,False
30,nextwin,LE,extratrees,0.4919,0.478,0.0139,0.0507,0.0438,0.0567,True,0.000229,0.000185,0.4747,7e-05,False
30,nextwin,LE,mlp,0.4657,0.4853,-0.0196,0.058,0.0502,0.0647,True,0.000228,0.000183,0.5402,6.6e-05,False
30,nextwin,LE,gp,0.443,0.4621,-0.0191,0.0347,0.0285,0.0402,True,0.000233,0.000187,0.4971,7.6e-05,False
