duration_s,metric,model,r2,r2_vs_har,rmse,mae,qlike,bias,mz_a,mz_b,mz_joint_p,r2_ci_lo,r2_ci_hi,dm_vs_har_t,dm_vs_har_p,in_mcs
60,LE,persistence,0.8017825519425055,-0.16465092191924668,0.0030587799643790356,0.0022242785874873514,0.0960034901148168,0.001150539163918462,-0.00012626947454642598,0.9203868886692126,1.2507672105653637e-26,0.7766572394146218,0.8286591013899887,5.94421394541027,4.295401127651693e-09,False
60,LE,HAR,0.8298052709812406,,0.002834329581057816,0.0019137456787635383,0.08017132976712917,0.0006089362530522143,-6.778315355333901e-05,0.9560894478936658,9.718190435309454e-09,0.7934587944473828,0.8658161546191779,,,False
60,LE,LOB,0.703583215751701,-0.7416331631259094,0.003740491672895313,0.002668547113150585,0.1314697964771571,0.0011952501859054136,0.0027285930569467365,0.696068814966489,1.598825161522926e-38,0.6665990407146384,0.7470227486571538,7.5146192932157145,1.666634009021976e-13,False
60,LE,regime,0.268687468491115,-3.296916454024127,0.005875283185998009,0.00516589230601488,0.6361649677426768,0.004355204540460965,0.0018934147587389859,0.6111686494307834,5.2367551464466115e-154,0.1995581240228473,0.3326002209401507,3.742162898829796,0.0001967103143871981,False
60,LE,HAR_LOB,0.8335431480928399,0.02196235531587687,0.0028030325110397006,0.0018552363983575031,0.07603548952511889,0.0004657979345416355,0.0005873875261884951,0.9135376001521615,2.4279538322399576e-07,0.7974963478939531,0.8686300316730371,-2.196149487144799,0.02839377578000662,True
60,LE,HAR_LOB_regime,0.8341677225558826,0.025632119160171607,0.002797768841124242,0.0018310700990962583,0.08330026447170089,-1.800953611793061e-05,0.0014365255691258195,0.8787286515330274,3.151380417439985e-05,0.7975454416930075,0.868549290725107,0.9224306073737766,0.35660752704445137,False
60,AI,persistence,0.8017825519425055,-0.16465092191924668,0.0030587799643790356,0.0022242785874873514,0.0960034901148168,0.001150539163918462,-0.00012626947454642598,0.9203868886692126,1.2507672105653637e-26,0.7766572394146218,0.8286591013899887,5.94421394541027,4.295401127651693e-09,False
60,AI,HAR,0.8298052709812406,,0.002834329581057816,0.0019137456787635383,0.08017132976712917,0.0006089362530522143,-6.778315355333901e-05,0.9560894478936658,9.718190435309454e-09,0.7934587944473828,0.8658161546191779,,,False
60,AI,LOB,0.703583215751701,-0.7416331631259094,0.003740491672895313,0.002668547113150585,0.1314697964771571,0.0011952501859054136,0.0027285930569467365,0.696068814966489,1.598825161522926e-38,0.6665990407146384,0.7470227486571538,7.5146192932157145,1.666634009021976e-13,False
60,AI,regime,0.2211121424987038,-3.5764511156831684,0.006063379670128712,0.005256177631893119,0.3761490267486342,0.004496455389205854,0.002456218460312777,0.5711272268319592,1.6802097271467713e-162,0.132444214978073,0.30180610980587363,4.137589881825826,3.916829576117947e-05,False
60,AI,HAR_LOB,0.8335431480928399,0.02196235531587687,0.0028030325110397006,0.0018552363983575031,0.07603548952511889,0.0004657979345416355,0.0005873875261884951,0.9135376001521615,2.4279538322399576e-07,0.7974963478939531,0.8686300316730371,-2.196149487144799,0.02839377578000662,True
60,AI,HAR_LOB_regime,0.8211306714776591,-0.05096867308167563,0.0029056629440651644,0.0019079279782854147,0.10714226273799446,-0.0007325172319228644,0.0020528052094539537,0.8797829386036887,1.7171915622144755e-15,0.7822915765015132,0.8622203995622567,4.901212566602988,1.1732590286445322e-06,False
